,Ticker,News,Time,Date
0,TSLA,Tesla China Registrations Are Down 9% With Two Weeks Remaining In Q2; But Analysts Project Strong Global Tally,16:03:00,2024-06-18
1,TSLA,7 Stocks to Buy Now: June 2024,14:30:00,2024-06-18
2,TSLA,There Are Better Picks to Enjoy the Fruits of AI Than Apple Stock,14:24:00,2024-06-18
3,TSLA,Elon Musk wants to turn X into a Venmo competitor,14:08:00,2024-06-18
4,TSLA,Teslas Model Y Is the Most American Car. How a Japanese Auto Maker Ended Up No. 2.,13:45:00,2024-06-18
5,TSLA,"These Stocks Are Moving the Most Today: Nvidia, Micron, Tesla, Lennar, Silk Road, Boeing, La-Z-Boy, Chegg, and More",13:13:00,2024-06-18
6,TSLA,"'Long Magnificent 7' Becomes Most Crowded Trade in 4 Years, BofA Survey Says",12:55:00,2024-06-18
7,TSLA,Why automakers are backtracking on their ambitious EV game plans,12:25:00,2024-06-18
8,TSLA,Tesla must face owners' lawsuit claiming it monopolizes vehicle repairs and parts,12:04:00,2024-06-18
9,TSLA,"Teslas sheen wears off, but its still there",12:02:00,2024-06-18
10,TSLA,"Tesla's Model Y leads American-Made Index, followed by foreign automakers",11:47:00,2024-06-18
11,TSLA,Fisker's ride from Tesla competitor to bankruptcy,11:32:00,2024-06-18
12,TSLA,Twitter exec sues Elon Musk for millions in unpaid severance,11:18:00,2024-06-18
13,TSLA,Zyn Sales Suspended: Philip Morris Halts Zyn Online Sales Following Subpoena,10:44:00,2024-06-18
14,TSLA,NVDA Stock Alert: SCOTUS Will Hear Nvidia Case Over Shareholder Lawsuit,10:30:00,2024-06-18
15,TSLA,TSLA Stock Alert: Tesla Sues Battery Supplier Matthews International,10:13:00,2024-06-18
16,TSLA,The Tesla Model Y Takes Top Spot in American-Made Index Yet Again,10:06:00,2024-06-18
17,TSLA,Tesla Cybertruck deliveries got delayed because of its huge windshield wiper,09:08:00,2024-06-18
18,TSLA,3 EV Stocks to Buy Now: June 2024,09:00:00,2024-06-18
19,TSLA,Here's How Much You Would've Lost If You Bought Dogecoin During Elon Musk's Appearance On SNL,08:00:00,2024-06-18
20,TSLA,"Tesla slips in Cars.com American-Made Index as Jeep, Toyota rise",07:45:00,2024-06-18
21,TSLA,Bankruptcy at Tesla Rival Fisker Highlights a Risk for Chip Makers. And 4 Other Things to Know Today.,07:04:00,2024-06-18
22,TSLA,Wall Street Favorites: 3 Battery Stocks With Strong Buy Ratings for June 2024,06:40:00,2024-06-18
23,TSLA,Faraday Future (FFIE) Stock: To the Moon or Straight to Zero?,06:30:00,2024-06-18
24,TSLA,Rag to Riches: 3 EV Stocks That Could Make Early Investors Rich,06:15:00,2024-06-18
25,TSLA,Elon Musk's Pay Package Is One More Reason to Sell Tesla Stock,06:05:00,2024-06-18
26,TSLA,Column: Elon Musk thinks Tesla's investors love him. He's very wrong,06:00:00,2024-06-18
27,TSLA,Warren Buffetts Berkshire Hathaway dumps BYD shares following rise in trade tension over Chinese EVs,04:36:00,2024-06-18
28,TSLA,"Chegg, Merck and La-Z-Boy rise premarket; Lennar, GameStop fall",03:32:00,2024-06-18
29,TSLA,US stock futures edge higher; retail sales release looms,02:29:00,2024-06-18
30,TSLA,"Musk plans stock option grants to Tesla's high-performers, sources say",01:47:00,2024-06-18
31,TSLA,"Retail sales ahead, Tesla's legal fight over Musk pay deal - what's moving markets",23:25:00,2024-06-17
32,TSLA,"Elon Musk's Starlink success could lead to regulatory concerns, says Bradley Tusk",21:00:00,2024-06-17
33,TSLA,"Tesla Stock Is Still A Big Loser In 2024, But It's Hitting Highs By This Metric",20:48:00,2024-06-17
34,TSLA,Indonesias $5 billion deal with Tesla is only part of its all-in strategy on nickel mining,19:00:00,2024-06-17
35,TSLA,Customer Experience Gets Worse. Again.,17:25:00,2024-06-17
36,TSLA,S&P 500 Gains and Losses Today: Autodesk Jumps After Reports of Activist Stake,17:01:00,2024-06-17
37,TSLA,"Tesla Stock Is Soaring, but It Wont Top This Level",16:36:00,2024-06-17
38,TSLA,"Tesla, Broadcom Among S&P 500 Stock Winners Monday. First Solar Leads Losers.",16:26:00,2024-06-17
39,TSLA,How The SEC's Latest Elon Musk Investigation Could Hit Tesla,16:02:00,2024-06-17
40,TSLA,Is Broadcom Stock the Next Pick for the Magnificent 7? This Analyst Thinks So.,15:24:00,2024-06-17
41,TSLA,Tesla Sues EV-Battery Supplier Over Alleged Disclosure of Trade Secrets,15:13:00,2024-06-17
42,TSLA,A Tesla in Full Self-Driving mode crashed into a cop car that was already responding to a deadly car crash,15:13:00,2024-06-17
43,TSLA,The problem with the Tesla Cybertruck's bed,15:04:00,2024-06-17
44,TSLA,Tesla Sues EV-Battery-Supplier Matthews Over Alleged Disclosure of Trade Secrets,14:05:00,2024-06-17
45,TSLA,"The Magnificent 7 Stocks Strategy: One to Buy, 2 to Dump",14:00:00,2024-06-17
46,TSLA,Tesla sued its former supplier for stealing EV battery trade secrets,13:51:00,2024-06-17
47,TSLA,Elon Musks multi-billion paycheck just got approved by stockholders. That could be a fraction of whats coming,13:40:00,2024-06-17
48,TSLA,3 Cathie Wood Stocks to Buy Now: June 2024,13:24:00,2024-06-17
49,TSLA,"Bullish S&P 500 calls, weak China industrial output: Morning Brief",13:01:00,2024-06-17
50,TSLA,Now Tesla's legal fight over Elon Musk's pay package starts all over again,12:49:00,2024-06-17
51,TSLA,A Neuralink employee says she was scratched by a herpes-infected monkey,12:46:00,2024-06-17
52,TSLA,Elon Musks Latest Legal Challenge Isnt a Tesla Issue,11:56:00,2024-06-17
53,TSLA,Tesla sues ex-supplier Matthews over EV battery trade secrets,10:43:00,2024-06-17
54,TSLA,Tesla's 'aging portfolio' is a bigger issue than its prices,10:40:00,2024-06-17
55,TSLA,Tesla kicks off legal fight to reinstate Musk's pay,10:29:00,2024-06-17
56,TSLA,Tesla and Baidu Partner for Full Self-Driving Test,10:00:00,2024-06-17
57,TSLA,WSJ's Tim Higgins: Investors are excited Elon Musk can bring some of his attention back to Tesla,09:58:00,2024-06-17
58,TSLA,"Up 100% or More in 2024, Is It Too Late to Buy These 3 Stocks?",09:58:00,2024-06-17
59,TSLA,The Contrarian's Delight: 3 Stocks Defying Analyst Expectations for Massive Gains,09:19:00,2024-06-17
60,TSLA,Tesla Cybertruck Deliveries Delayed Over Wipers,09:09:00,2024-06-17
61,TSLA,"Tesla, Inc. (TSLA) Is a Trending Stock: Facts to Know Before Betting on It",09:00:00,2024-06-17
62,TSLA,Elon Musk and his fellow CEOs are outpacing their workers with fastest pay growth in 14 yearsbut some still justify massive pay packages by fairness,08:57:00,2024-06-17
63,TSLA,Panasonic shows prototype 4680-format battery cell,07:33:00,2024-06-17
64,TSLA,Cybertruck and other Tesla future models,07:33:00,2024-06-17
65,TSLA,"Stocks Keep Hitting Record Highs Even Without Fed Rate Cuts, Heres Why. And 4 Other Things to Know Today.",06:54:00,2024-06-17
66,TSLA,"Markets Keep Hitting Record Highs Even Without Fed Rate Cuts, Heres Why. And 4 Other Things to Know Today.",06:54:00,2024-06-17
67,TSLA,Forget Elon Musks record pay package from Tesla. More could be on the way.,06:30:00,2024-06-17
68,TSLA,25 Most Powerful Brands in the US,16:45:00,2024-06-16
69,TSLA,How Tesla CEO Elon Musk Won His Pay Back,12:48:00,2024-06-16
70,TSLA,Tesla vs. Toyota: Kevin Paffrath compares automaker growth,08:00:00,2024-06-16
71,TSLA,The Big Loser in Teslas Shareholder Vote Is Delaware,05:30:00,2024-06-16
72,TSLA,"Tech conferences, earnings, and Juneteenth: What to watch in the markets this week",05:00:00,2024-06-16
73,TSLA,"5 big analyst AI moves: Apple stock lifted to Buy as AMD, Adobe get downgraded",23:29:00,2024-06-15
74,TSLA,"Trump woos CEOs, Howard Schultz on Steve Jobs, and Elon Musk's money: Leadership news roundup",09:00:00,2024-06-15
75,TSLA,"Elon Musk wins, Tesla stock's $2,600 future, and waiting for robotaxis: The most popular tech stories",09:00:00,2024-06-15
76,TSLA,"Is Advanced Micro Devices, Inc. (AMD) A Good Feminist Stock To Buy?",08:48:00,2024-06-15
77,TSLA,Zoetis Inc. (ZTS): Did this Feminist Stock Soar High in Q1?,08:46:00,2024-06-15
78,TSLA,Parker-Hannifin Corporation (PH): Has this Feminist Stock Beaten Expectations?,08:43:00,2024-06-15
79,TSLA,Tesla Robotaxi Next After Huge Elon Musk Pay Deal; BYD Near Buy Point As Sales Rev,08:12:00,2024-06-15
80,TSLA,"Tesla board should take on an 'independent, active' role",08:00:00,2024-06-15
81,TSLA,What's next for Tesla's stock as shareholders and Wall Street pros weigh in,07:33:00,2024-06-15
82,TSLA,Electric Avenue: 3 EV Stocks That Will Electrify Your Investment Returns,07:00:00,2024-06-15
83,TSLA,"Cathie Woods stunning new $2,600 Tesla prophecy and Wall Streets Nvidia stock prediction share an often overlooked investing truth",07:00:00,2024-06-15
84,TSLA,The EV Extraordinaires: 3 Stocks Driving the Future of Transportation,06:57:00,2024-06-15
85,TSLA,Stock Splits 101: The 5 Most Common Questions Answered,06:12:00,2024-06-15
86,TSLA,What Does $48 Billion Get Tesla Investors? A Return of the Old Elon Musk,05:30:00,2024-06-15
87,TSLA,1 Magnificent EV Stock Down 50% to Buy and Hold Forever,04:13:00,2024-06-15
88,TSLA,"How Elon Musk Could Spend $56 Billion, From Picassos to Skateboards",02:30:00,2024-06-15
89,TSLA,"Tesla Stock Will Ride Higher on Musks Pay Raise. Plus, GM, Warner Bros., and More.",19:17:00,2024-06-14
90,TSLA,How GM Left Tesla in the Dust and Became the Top Car Stock of 2024,19:12:00,2024-06-14
91,TSLA,CEO pay at levels not seen since the Gilded Age: Expert,19:08:00,2024-06-14
92,TSLA,AIs Real Promise Isnt in Fun iPhone Features,19:00:00,2024-06-14
93,TSLA,"Musk pay package, cruise line pressures: Market Domination",18:16:00,2024-06-14
94,TSLA,"The Score: Paramount, Apple, Tesla and More Stocks That Defined the Week",17:53:00,2024-06-14
95,TSLA,"EV competitors like Ford, GM are 'scared' of Tesla: Investor",16:50:00,2024-06-14
96,TSLA,"These Stocks Moved the Most Today: Adobe, Carnival, Tesla, GameStop, RH, Shopify, Hasbro, Broadcom, and More",16:29:00,2024-06-14
97,TSLA,Apple Has $230 Billion Week on Bet AI IPhones Are Must-Haves,16:10:00,2024-06-14
98,TSLA,"Tesla Shareholders Approve Elon Musk's $56 Billion Pay Deal, Reincorporation In Texas",16:02:00,2024-06-14
99,TSLA,Trump Media thinks Elon Musk's 'commitment to free speech' could take users from Truth Social,15:48:00,2024-06-14
100,AAPL,Microsoft takes on Apple's AI with AI powered PC rollout,16:05:00,2024-06-18
101,AAPL,Nvidia overtakes Microsoft as most valuable stock in the world,16:03:00,2024-06-18
102,AAPL,Sports has to feed into a streamer's 'ecoystem': Kevin Mayer,15:54:00,2024-06-18
103,AAPL,"Customers want Nvidia first, 'everything else second': Strategist",15:49:00,2024-06-18
104,AAPL,"Nvidia Overtakes Apple, Microsoft As Most Valuable Company",15:26:00,2024-06-18
105,AAPL,Nvidia Overtakes Microsoft as World's Most Valuable Company,15:17:00,2024-06-18
106,AAPL,Nvidia becomes worlds most valuable company after overtaking Microsoft and Apple,14:55:00,2024-06-18
107,AAPL,Qualcomm (QCOM) Stock Surges on Potential Samsung Partnership,14:31:00,2024-06-18
108,AAPL,7 Stocks to Buy Now: June 2024,14:30:00,2024-06-18
109,AAPL,"Why a $70B Fund Will Likely Load Up on Nvidia Stock, Dump Apple This Week",14:25:00,2024-06-18
110,AAPL,There Are Better Picks to Enjoy the Fruits of AI Than Apple Stock,14:24:00,2024-06-18
111,AAPL,Nvidia Becomes Worlds Most Valuable Company as AI Rally Steams Ahead,14:14:00,2024-06-18
112,AAPL,"Dear NVDA Stock Fans, Get Ready for Some Big ETF Moves",14:14:00,2024-06-18
113,AAPL,Nvidia Passes Microsoft to Become Largest U.S. Company,14:13:00,2024-06-18
114,AAPL,Apple AI iPhone Upgrade Cycle Forecast For Next Two Years,14:07:00,2024-06-18
115,AAPL,Nvidia surpasses Microsoft to become the largest public company in the US,13:39:00,2024-06-18
116,AAPL,Nvidia is now the world's most valuable company,13:35:00,2024-06-18
117,AAPL,Apple shelves new model of Vision headset as sales decline: report,13:30:00,2024-06-18
118,AAPL,Warren Buffett Stocks: What's Inside Berkshire Hathaway's Portfolio?,13:05:00,2024-06-18
119,AAPL,Microsoft AI PCs take aim at Apple,13:04:00,2024-06-18
120,AAPL,Apple Intelligence will drive continued growth of the installed base: Neuberger Berman's Dan Flax,13:04:00,2024-06-18
121,AAPL,"'Long Magnificent 7' Becomes Most Crowded Trade in 4 Years, BofA Survey Says",12:55:00,2024-06-18
122,AAPL,Apple Stock Falls Despite New Price Target. Its Among the Highest on Wall Street.,12:43:00,2024-06-18
123,AAPL,"Apple suspends work on next high-end headset, to focus on cheaper model, the Information reports",12:22:00,2024-06-18
124,AAPL,Apple dumps 'Apple Pay Later' for new BNPL partnerships,12:07:00,2024-06-18
125,AAPL,How Amazon Prime's ad-supported tier impacts competitors,11:44:00,2024-06-18
126,AAPL,Investors are favoring Big Tech due to 'benchmark FOMO',11:36:00,2024-06-18
127,AAPL,"Apple kills off its buy now, pay later service service barely a year after launch",10:44:00,2024-06-18
128,AAPL,"Here's how AI is transforming Disney, Spotify, and TikTok",10:38:00,2024-06-18
129,AAPL,Nvidia Insiders Cash In on Rally as Share Sales Top $700 Million,10:05:00,2024-06-18
130,AAPL,"Apple downgraded, Kroger upgraded: Wall Street's top analyst calls",09:51:00,2024-06-18
131,AAPL,Apple Developer Academy introduces AI Training for all Students and Alumni,09:50:00,2024-06-18
132,AAPL,Europe's Competition Chief states that Apple has 'very serious' issues regarding non-compliance with the Digital Markets Act,09:21:00,2024-06-18
133,AAPL,Drug Names: The machinations behind the monikers,09:20:00,2024-06-18
134,AAPL,"Why Apple Scrapped Its Buy Now, Pay Later Product",09:18:00,2024-06-18
135,AAPL,"May retail sales, Nvidia, Boeing CEO testifies: 3 Things",09:17:00,2024-06-18
136,AAPL,"For those that are nervous about an upcoming speaking engagement, Apple has invented the 'Virtual Presentation Rehearsal' system",08:31:00,2024-06-18
137,AAPL,Ambient commerce: what is it and why does it matter?,08:30:00,2024-06-18
138,AAPL,Did Apple Just Become the AI Stock to Beat?,08:15:00,2024-06-18
139,AAPL,Huawei Weighs App Store Fees as It Surpasses iPhone in China,07:59:00,2024-06-18
140,AAPL,"Apple Scraps Its Buy Now, Pay Later Product. Forget Payments, AI Is the Focus.",07:41:00,2024-06-18
141,AAPL,Bubble Trouble: 3 Stocks Ready to Burst Under the Weight of Their Own Hype,07:30:00,2024-06-18
142,AAPL,3 Magnificent 7 Stocks to Buy Now: June 2024,07:05:00,2024-06-18
143,AAPL,3 Top Stocks I'd Buy Today and Hold Forever Without Any Hesitation,06:50:00,2024-06-18
144,AAPL,AAPL Picking: 3 Stocks to Buy Because of Their Apple Partnerships,06:20:00,2024-06-18
145,AAPL,Forget Nvidia: Why Apple's AI Bombshell Could Trigger a 50% Surge in AAPL Stock,06:15:00,2024-06-18
146,AAPL,The 3 Best Asian Stocks to Buy in June 2024,06:13:00,2024-06-18
147,AAPL,Microsoft's AI Bubble: Is the $3 Trillion Giant Headed for a Crash?,06:10:00,2024-06-18
148,AAPL,AI enthusiasm prompts 3 Wall Street banks to raise stock market forecasts,06:00:00,2024-06-18
149,AAPL,Apple Competitor Huawei is considering to take a cut of in-app purchases in their Operating System HarmonyOS,05:41:00,2024-06-18
150,AAPL,"Nvidia, Apple, and Microsoft Could Help This Stock-Split ETF Turn $200,000 Into $1 Million",05:21:00,2024-06-18
151,AAPL,Forget Magnificent 7: Analysts are Talking About Big 10' AI Stocks in 2024,05:19:00,2024-06-18
152,AAPL,Apple Original Films has set the release date for 'Formula 1' in 2025 and released the trailer for the Spanish Series 'Women in Blue',05:14:00,2024-06-18
153,AAPL,Warren Buffett Holds $175 Billion of His Portfolio in 2 Stocks That Could Rise 13% and 29% According to a Pair of Wall Street Analysts,05:13:00,2024-06-18
154,AAPL,"Chegg, Merck and La-Z-Boy rise premarket; Lennar, GameStop fall",03:32:00,2024-06-18
155,AAPL,Heard on the Street Monday Recap: Serving Up More AI,03:30:00,2024-06-18
156,AAPL,"Apple says it will end ""buy now, pay later"" service in U.S.",01:41:00,2024-06-18
157,AAPL,Top tech companies for healthcare wearables,01:32:00,2024-06-18
158,AAPL,"Retail sales ahead, Tesla's legal fight over Musk pay deal - what's moving markets",23:25:00,2024-06-17
159,AAPL,"Observations Attending WWDC, WWDC Keynote Priorities, An Impressive visionOS 2",21:40:00,2024-06-17
160,AAPL,"Apple Is Shutting Down Its Buy Now, Pay Later Service",18:23:00,2024-06-17
161,AAPL,"Apple shut down its buy now, pay later feature after less than a year",18:06:00,2024-06-17
162,AAPL,Making the Case Against the 401(k),17:56:00,2024-06-17
163,AAPL,"IPO market, Disney exec. talks AI: Asking for a Trend",17:49:00,2024-06-17
164,AAPL,Can Nvidia overtake more of the S&P 500?: Chart of the Day,17:36:00,2024-06-17
165,AAPL,Apple will be Dropping Apple Pay's 'Pay Later' service when iOS 18 Arrives later this year,17:09:00,2024-06-17
166,AAPL,Why a popular tech ETF is set to sell Apple & buy Nvidia,16:57:00,2024-06-17
167,AAPL,S&P 500 Boosted Stock Buybacks by 10% in Q1,16:49:00,2024-06-17
168,AAPL,Bybit Card adds Apple Pay,16:15:00,2024-06-17
169,AAPL,"Final Trades: Apple, Citigroup, Palantir",14:59:00,2024-06-17
170,AAPL,"Apple Shutting Down Pay Later, Its Affirm Rival, After One Year",14:49:00,2024-06-17
171,AAPL,"The Magnificent 7 Stocks Strategy: One to Buy, 2 to Dump",14:00:00,2024-06-17
172,AAPL,Big Reshuffle of $71 Billion ETF Looms as Nvidia Surpasses Apple,13:49:00,2024-06-17
173,AAPL,Microsoft extends rally with a record-breaking stock market value,13:30:00,2024-06-17
174,AAPL,Will NVIDIA Corporation (NVDA) Outpace the Broader Market's Growth?,13:13:00,2024-06-17
175,AAPL,What do Analysts Say about Apple Inc. (AAPL)'s AI Potential?,13:12:00,2024-06-17
176,AAPL,"Buy Arm and Micron Stock to Play the AI PC Trend, Analyst Says",12:50:00,2024-06-17
177,AAPL,Apple AirPods and Watches could soon see much longer battery life,12:42:00,2024-06-17
178,AAPL,"Apple Is Working on Thinner iPhones for 2025, Reports Say",12:08:00,2024-06-17
179,AAPL,"AI is Microsoft's 'iPhone Moment,' analysts say",11:51:00,2024-06-17
180,AAPL,Meta and Apple will likely be the first targets of Europes new antitrust powers,11:25:00,2024-06-17
181,AAPL,Apple Supplier TDK Says It Made a Battery Breakthrough. What Devices Could Benefit.,11:17:00,2024-06-17
182,AAPL,Apple Stock Has Been on a Tear. The Case for Not Buying Now.,10:58:00,2024-06-17
183,AAPL,Apple Supplier TDK has developed a game changing next-gen Solid State battery branded 'CeraCharge' potentially for Apple Watch & more,10:18:00,2024-06-17
184,AAPL,3 Stocks That Could Soon Follow Nvidia to the $3 Trillion Club,09:15:00,2024-06-17
185,AAPL,A new Thinner Apple Watch will debut in Q4-24 that will also use 3D Printed Components,08:43:00,2024-06-17
186,AAPL,"In the future, Apple may use OLED Displays from Samsung based on eLEAP technology that offers triple the lifespan & double the brightness",08:20:00,2024-06-17
187,AAPL,Apple's battery supplier says it made a big breakthrough,08:18:00,2024-06-17
188,AAPL,"A Firefighter in Nova Scotia, Canada, was surprised that his Apple Watch indicated that he was experiencing atrial fibrillation and more",07:25:00,2024-06-17
189,AAPL,Nervous about the market? Heres one thing you could do if shares start sinking fast,07:23:00,2024-06-17
190,AAPL,Apple (AAPL) Stock Declined as Smartphone Demand Dropped,06:59:00,2024-06-17
191,AAPL,Forget Big AI: Apple's Small AI Approach Could Yield Massive Returns for AAPL Stock Investors,06:05:00,2024-06-17
192,AAPL,63% of Warren Buffett's $388 Billion Portfolio Is Invested in These 3 Magnificent Stocks,05:21:00,2024-06-17
193,AAPL,Is Apple Inc (NASDAQ:AAPL) The Best Undervalued AI Stock to Buy Now?,05:04:00,2024-06-17
194,AAPL,3 Reason to Buy Your Next MacBook Pro at Costco,05:00:00,2024-06-17
195,AAPL,"Netflix, Disney+ and 6 other streamers, ranked from the least content to the most",05:00:00,2024-06-17
196,AAPL,Will Adobe Be Worth More Than Apple by 2030?,04:40:00,2024-06-17
197,AAPL,Fab tool and equipment suppliers benefit from TSMC 2H24 business boom,04:23:00,2024-06-17
198,AAPL,2 Hypergrowth Tech Stocks to Buy in 2024 and Beyond,03:41:00,2024-06-17
199,AAPL,"Heard on the Street Friday Recap: More AI, Lower Rates",03:22:00,2024-06-17
200,AMZN,"Disney CEO Bob Iger's successor could be revealed in 2024, says his close adviser",16:10:00,2024-06-18
201,AMZN,"Kroger Earnings Due As Grocery Archrivals Walmart, Costco Seize All-Time Highs",16:05:00,2024-06-18
202,AMZN,"Everyone Knows PayPal And Amazon. Investors Should Know This 2024 IPO, Too.",16:00:00,2024-06-18
203,AMZN,Sports has to feed into a streamer's 'ecoystem': Kevin Mayer,15:54:00,2024-06-18
204,AMZN,Amazon Fined $5.9 Million Over Warehouse Productivity Quotas,15:49:00,2024-06-18
205,AMZN,Amazon Labor Union votes to join the Teamsters,15:19:00,2024-06-18
206,AMZN,There Are Better Picks to Enjoy the Fruits of AI Than Apple Stock,14:24:00,2024-06-18
207,AMZN,"Final Trades: Amazon, Bank of America, Cisco and Netflix",14:19:00,2024-06-18
208,AMZN,Amazon's Vin Gupta on expanded 'RxPass' access,13:04:00,2024-06-18
209,AMZN,3 Stocks Under $10 to Buy for Maximum Growth in 2024,13:00:00,2024-06-18
210,AMZN,"'Long Magnificent 7' Becomes Most Crowded Trade in 4 Years, BofA Survey Says",12:55:00,2024-06-18
211,AMZN,How Amazon Prime's ad-supported tier impacts competitors,11:44:00,2024-06-18
212,AMZN,Amazon Widens RxPass Eligibility To Include Prime Members With Medicare,11:31:00,2024-06-18
213,AMZN,Walmart is getting better at playing Amazon's game,11:01:00,2024-06-18
214,AMZN,U.S. government assails Adobe for putting up wholly unnecessary roadblocks when subscribers try to cancel,10:52:00,2024-06-18
215,AMZN,Is Amazon Stock A Buy? E-Commerce Giant Nears New Entry,10:40:00,2024-06-18
216,AMZN,Amazons First U.S. Union Is Joining the Teamsters. What It Means for the Stock.,10:22:00,2024-06-18
217,AMZN,Cathie Wood Goes Bargain Hunting: 3 Stocks She Just Bought,10:15:00,2024-06-18
218,AMZN,Introducing Blink Moments An Engaging New Viewing Experience That Stitches Together Multiple Blink Camera Clips Into One Seamless Video,09:01:00,2024-06-18
219,AMZN,Ambient commerce: what is it and why does it matter?,08:30:00,2024-06-18
220,AMZN,Want to Get Richer? The 2 Best Stocks to Buy Now and Hold Forever.,08:00:00,2024-06-18
221,AMZN,3 Warren Buffett Stocks to Hold Forever,07:30:00,2024-06-18
222,AMZN,Amazon Labor Union votes to ratify Teamsters affiliation,06:54:00,2024-06-18
223,AMZN,"Amazons Just Walk Out tech to debut at the O2 in London, UK",06:37:00,2024-06-18
224,AMZN,The 3 Best Asian Stocks to Buy in June 2024,06:13:00,2024-06-18
225,AMZN,AI enthusiasm prompts 3 Wall Street banks to raise stock market forecasts,06:00:00,2024-06-18
226,AMZN,"Meet the Newest Artificial Intelligence (AI) Stock in the S&P 500. It's Up 266% Since Last Year, and Wall Street Says It's Still a Buy Today",05:52:00,2024-06-18
227,AMZN,Forget Magnificent 7: Analysts are Talking About Big 10' AI Stocks in 2024,05:19:00,2024-06-18
228,AMZN,I Keep Buying Amazon Stock for This Simple Reason,05:15:00,2024-06-18
229,AMZN,Forget AMD: 2 Artificial Intelligence (AI) Stocks to Buy Instead,05:15:00,2024-06-18
230,AMZN,Billionaire David Tepper Has 25% of His Portfolio Invested in 3 Brilliant AI Stocks,05:12:00,2024-06-18
231,AMZN,India to see surging compute investments thanks to sovereign AI,03:42:00,2024-06-18
232,AMZN,Amazon Union Allies With Teamsters in Big Labor Advance,03:32:00,2024-06-18
233,AMZN,The food industry in 2018  the e-commerce trends to watch,00:16:00,2024-06-18
234,AMZN,Could Costco Be a Millionaire-Maker Stock?,20:02:00,2024-06-17
235,AMZN,"PDD, AMZN, MELI: Which E-Commerce Stock Is the Strongest Buy?",19:34:00,2024-06-17
236,AMZN,Wall Street Favorites: 3 Dow Stocks With Strong Buy Ratings for June 2024,16:36:00,2024-06-17
237,AMZN,Netflix Has Dominated in Advertising Revenue Per Viewer. Could Its Lead Be Narrowing?,15:44:00,2024-06-17
238,AMZN,Amazon to co-develop shoppable content for its streaming TV channel,15:08:00,2024-06-17
239,AMZN,"Walmart is becoming the new Amazon as customers make smaller, but frequent purchases: Thats a trend thats not going to reverse, CFO says",14:59:00,2024-06-17
240,AMZN,3 Cathie Wood Stocks to Buy Now: June 2024,13:24:00,2024-06-17
241,AMZN,Summer House Star Paige DeSorbo Joins Amazon for New Original Shoppable Show on the Fast Channel,10:18:00,2024-06-17
242,AMZN,3 Stocks That Could Soon Follow Nvidia to the $3 Trillion Club,09:15:00,2024-06-17
243,AMZN,3 Stocks to Buy for Exposure to the Anthropic Boom,09:00:00,2024-06-17
244,AMZN,Do You Think Amazon.com (AMZN) Can Attain the Projected 15-20% Intrinsic Value Growth Trajectory?,08:48:00,2024-06-17
245,AMZN,3 Reasons Why Amazon Is a Stock to Buy and Hold Forever,07:17:00,2024-06-17
246,AMZN,Amazon faces lawsuit for allegedly monopolising audiobook market,06:36:00,2024-06-17
247,AMZN,3 Reasons to Buy Amazon Stock Now,06:15:00,2024-06-17
248,AMZN,Mega-cap tech stocks to see steep jump in annual spending on AI equipment - BofA,05:59:00,2024-06-17
249,AMZN,AI at Amazon: a game changer for sustainable packaging,05:16:00,2024-06-17
250,AMZN,"If You'd Invested $10,000 in Amazon Stock 10 Years Ago, Here's How Much You'd Have Today",05:10:00,2024-06-17
251,AMZN,U.K. indoor arena The O2 to deploy Amazon 'Just Walk Out',00:02:00,2024-06-17
252,AMZN,15 Most Watched TV Shows of 2024,18:44:00,2024-06-16
253,AMZN,The Most Powerful Brand in the US,16:46:00,2024-06-16
254,AMZN,25 Most Powerful Brands in the US,16:45:00,2024-06-16
255,AMZN,The Most Liberal State in the US,12:23:00,2024-06-16
256,AMZN,15 Most Profitable Small Businesses to Start in 2024,09:54:00,2024-06-16
257,AMZN,6 Artficial Intelligence (AI) Stocks Are Worth Over $1 Trillion. Here Are the 2 Most Likely to Join the Club Next.,06:01:00,2024-06-16
258,AMZN,Could This Bull Market Buy Help You Become a Millionaire?,05:07:00,2024-06-16
259,AMZN,Where Will Amazon Stock Be in 3 Years?,18:10:00,2024-06-15
260,AMZN,Leaked documents reveal patient safety issues at Amazons One Medical,12:21:00,2024-06-15
261,AMZN,"3 AI Stocks to Turn $10,000 Into $1 Million: June 2024",12:00:00,2024-06-15
262,AMZN,3 Top Stocks That Billionaires Are Buying,11:00:00,2024-06-15
263,AMZN,A Once-in-a-Generation Investment Opportunity: 1 High-Growth E-Commerce Stock to Buy Now and Hold Forever,08:30:00,2024-06-15
264,AMZN,Is Plug Power Stock a Millionaire Maker?,07:30:00,2024-06-15
265,AMZN,Stock Splits 101: The 5 Most Common Questions Answered,06:12:00,2024-06-15
266,AMZN,2 Warren Buffett Stocks to Buy Hand Over Fist and 1 to Avoid,05:45:00,2024-06-15
267,AMZN,3 Reasons Investors Should Buy MercadoLibre Stock,05:15:00,2024-06-15
268,AMZN,Billionaire Investor Warren Buffett Has 41% of Berkshire Hathaway's $332 Billion Portfolio in 2 Unstoppable Artificial Intelligence (AI) Growth Stocks,04:07:00,2024-06-15
269,AMZN,"Even If Stock-Split Stock Nvidia Retains Its Competitive GPU Advantages, Its Shareholders May Be in for an Unpleasant Surprise",03:51:00,2024-06-15
270,AMZN,Is It Too Late to Buy Apple Stock?,03:45:00,2024-06-15
271,AMZN,2 Soaring Stocks to Hold for the Next 20 Years,03:35:00,2024-06-15
272,AMZN,Morningstar | A Weekly Summary of Stock Ideas and Developments in the Companies We Cover,18:45:00,2024-06-14
273,AMZN,2 Artificial Intelligence (AI) Stocks That Could Make You a Millionaire,18:30:00,2024-06-14
274,AMZN,"Calls of the Day: Amazon, Walmart, Roblox, Citigroup and Paypal",13:45:00,2024-06-14
275,AMZN,Amazon Prime Video drives down ad prices for competitors in the latest price war,12:59:00,2024-06-14
276,AMZN,Amazon's AI-powered Alexa is reportedly not even close to being ready,12:55:00,2024-06-14
277,AMZN,Netflix Is Overvalued Amid Future Content Quality Challenges,10:00:00,2024-06-14
278,AMZN,Analyst Says Amazon.com Inc (NASDAQ:AMZN) Is Poised to be a Winner',09:56:00,2024-06-14
279,AMZN,Here's Why Amazon (AMZN) is a Strong Momentum Stock,09:50:00,2024-06-14
280,AMZN,James by Percival Everett is the Amazon Best Book of 2024 So Far,09:30:00,2024-06-14
281,AMZN,Walmart+ Week returns Monday ahead of Amazons Prime Day,08:53:00,2024-06-14
282,AMZN,The 3 Best Retail Stocks to Buy in June 2024,08:00:00,2024-06-14
283,AMZN,Microsoft to invest $7.16 billion in new data centres in northeastern Spain,07:30:00,2024-06-14
284,AMZN,The Only 7 Data Center Stocks Investors Need In Order to Capitalize on AI,07:00:00,2024-06-14
285,AMZN,"Samsung chairman visit with Meta, Amazon, Qualcomm CEO hinting at possible collaboration",06:42:00,2024-06-14
286,AMZN,MultiBank.io Bridges the Gap: Introducing Real World Assets (RWAs) for Streamlined Investing,06:16:00,2024-06-14
287,AMZN,Target's renewed private-label push fails to stem market share drop,06:04:00,2024-06-14
288,AMZN,"Amazon Has Upended the Streaming Ad Market, and Netflix Is Paying the Price",05:30:00,2024-06-14
289,AMZN,"The Ultimate Growth Stock to Buy With $1,000 Right Now",04:17:00,2024-06-14
290,AMZN,3 Reasons to Buy Rivian Now,03:03:00,2024-06-14
291,AMZN,Tesla and Amazon Distort Consumer Health Prognosis,00:01:00,2024-06-14
292,AMZN,"Amazon invests $1.4B in housing, $230M in generative AI startups",17:47:00,2024-06-13
293,AMZN,Amazon (AMZN) Stock Drops Despite Market Gains: Important Facts to Note,17:45:00,2024-06-13
294,AMZN,Amazon says it'll spend $230 million on generative AI startups,14:39:00,2024-06-13
295,AMZN,"National Safety Council Marks MSD Pledge Anniversary by Surpassing 200 Signatories and Awarding Nearly $265,000 in Grants to Solve the Most Common Workplace Injury",14:30:00,2024-06-13
296,AMZN,Amazon commits additional $1.4B to affordable housing fund,13:49:00,2024-06-13
297,AMZN,"More than 15,000 Amazon Flex Drivers File Claims of Misclassification, Unpaid Wages",13:00:00,2024-06-13
298,AMZN,Broadcom Stock Continues To Set Records on AI Excitement,12:01:00,2024-06-13
299,AMZN,AI Development Accelerates: Market Watch on Emerging AI Innovations,11:27:00,2024-06-13
